,word,err_count,err_pct
0,time,18,0.10227272727272728
0,years,15,0.13761467889908258
0,people,15,0.14563106796116504
0,window,19,0.16379310344827586
0,back,33,0.16417910447761194
0,uh,1601,0.5826055312954876
0,them,80,0.5970149253731343
0,theyre,76,0.6031746031746031
0,gonna,110,0.7006369426751592
0,yeah,273,0.7479452054794521
